[
  {
    "model": "auth.permission",
    "pk": 1,
    "fields": {
      "name": "Can add log entry",
      "content_type": 1,
      "codename": "add_logentry"
    }
  },
  {
    "model": "auth.permission",
    "pk": 2,
    "fields": {
      "name": "Can change log entry",
      "content_type": 1,
      "codename": "change_logentry"
    }
  },
  {
    "model": "auth.permission",
    "pk": 3,
    "fields": {
      "name": "Can delete log entry",
      "content_type": 1,
      "codename": "delete_logentry"
    }
  },
  {
    "model": "auth.permission",
    "pk": 4,
    "fields": {
      "name": "Can view log entry",
      "content_type": 1,
      "codename": "view_logentry"
    }
  },
  {
    "model": "auth.permission",
    "pk": 5,
    "fields": {
      "name": "Can add permission",
      "content_type": 2,
      "codename": "add_permission"
    }
  },
  {
    "model": "auth.permission",
    "pk": 6,
    "fields": {
      "name": "Can change permission",
      "content_type": 2,
      "codename": "change_permission"
    }
  },
  {
    "model": "auth.permission",
    "pk": 7,
    "fields": {
      "name": "Can delete permission",
      "content_type": 2,
      "codename": "delete_permission"
    }
  },
  {
    "model": "auth.permission",
    "pk": 8,
    "fields": {
      "name": "Can view permission",
      "content_type": 2,
      "codename": "view_permission"
    }
  },
  {
    "model": "auth.permission",
    "pk": 9,
    "fields": {
      "name": "Can add group",
      "content_type": 3,
      "codename": "add_group"
    }
  },
  {
    "model": "auth.permission",
    "pk": 10,
    "fields": {
      "name": "Can change group",
      "content_type": 3,
      "codename": "change_group"
    }
  },
  {
    "model": "auth.permission",
    "pk": 11,
    "fields": {
      "name": "Can delete group",
      "content_type": 3,
      "codename": "delete_group"
    }
  },
  {
    "model": "auth.permission",
    "pk": 12,
    "fields": {
      "name": "Can view group",
      "content_type": 3,
      "codename": "view_group"
    }
  },
  {
    "model": "auth.permission",
    "pk": 13,
    "fields": {
      "name": "Can add user",
      "content_type": 4,
      "codename": "add_user"
    }
  },
  {
    "model": "auth.permission",
    "pk": 14,
    "fields": {
      "name": "Can change user",
      "content_type": 4,
      "codename": "change_user"
    }
  },
  {
    "model": "auth.permission",
    "pk": 15,
    "fields": {
      "name": "Can delete user",
      "content_type": 4,
      "codename": "delete_user"
    }
  },
  {
    "model": "auth.permission",
    "pk": 16,
    "fields": {
      "name": "Can view user",
      "content_type": 4,
      "codename": "view_user"
    }
  },
  {
    "model": "auth.permission",
    "pk": 17,
    "fields": {
      "name": "Can add content type",
      "content_type": 5,
      "codename": "add_contenttype"
    }
  },
  {
    "model": "auth.permission",
    "pk": 18,
    "fields": {
      "name": "Can change content type",
      "content_type": 5,
      "codename": "change_contenttype"
    }
  },
  {
    "model": "auth.permission",
    "pk": 19,
    "fields": {
      "name": "Can delete content type",
      "content_type": 5,
      "codename": "delete_contenttype"
    }
  },
  {
    "model": "auth.permission",
    "pk": 20,
    "fields": {
      "name": "Can view content type",
      "content_type": 5,
      "codename": "view_contenttype"
    }
  },
  {
    "model": "auth.permission",
    "pk": 21,
    "fields": {
      "name": "Can add session",
      "content_type": 6,
      "codename": "add_session"
    }
  },
  {
    "model": "auth.permission",
    "pk": 22,
    "fields": {
      "name": "Can change session",
      "content_type": 6,
      "codename": "change_session"
    }
  },
  {
    "model": "auth.permission",
    "pk": 23,
    "fields": {
      "name": "Can delete session",
      "content_type": 6,
      "codename": "delete_session"
    }
  },
  {
    "model": "auth.permission",
    "pk": 24,
    "fields": {
      "name": "Can view session",
      "content_type": 6,
      "codename": "view_session"
    }
  },
  {
    "model": "auth.permission",
    "pk": 25,
    "fields": {
      "name": "Can add post",
      "content_type": 7,
      "codename": "add_post"
    }
  },
  {
    "model": "auth.permission",
    "pk": 26,
    "fields": {
      "name": "Can change post",
      "content_type": 7,
      "codename": "change_post"
    }
  },
  {
    "model": "auth.permission",
    "pk": 27,
    "fields": {
      "name": "Can delete post",
      "content_type": 7,
      "codename": "delete_post"
    }
  },
  {
    "model": "auth.permission",
    "pk": 28,
    "fields": {
      "name": "Can view post",
      "content_type": 7,
      "codename": "view_post"
    }
  },
  {
    "model": "auth.permission",
    "pk": 29,
    "fields": {
      "name": "Can add published manager",
      "content_type": 8,
      "codename": "add_publishedmanager"
    }
  },
  {
    "model": "auth.permission",
    "pk": 30,
    "fields": {
      "name": "Can change published manager",
      "content_type": 8,
      "codename": "change_publishedmanager"
    }
  },
  {
    "model": "auth.permission",
    "pk": 31,
    "fields": {
      "name": "Can delete published manager",
      "content_type": 8,
      "codename": "delete_publishedmanager"
    }
  },
  {
    "model": "auth.permission",
    "pk": 32,
    "fields": {
      "name": "Can view published manager",
      "content_type": 8,
      "codename": "view_publishedmanager"
    }
  },
  {
    "model": "auth.permission",
    "pk": 33,
    "fields": {
      "name": "Can add profile",
      "content_type": 9,
      "codename": "add_profile"
    }
  },
  {
    "model": "auth.permission",
    "pk": 34,
    "fields": {
      "name": "Can change profile",
      "content_type": 9,
      "codename": "change_profile"
    }
  },
  {
    "model": "auth.permission",
    "pk": 35,
    "fields": {
      "name": "Can delete profile",
      "content_type": 9,
      "codename": "delete_profile"
    }
  },
  {
    "model": "auth.permission",
    "pk": 36,
    "fields": {
      "name": "Can view profile",
      "content_type": 9,
      "codename": "view_profile"
    }
  },
  {
    "model": "auth.permission",
    "pk": 37,
    "fields": {
      "name": "Can add post comments",
      "content_type": 10,
      "codename": "add_postcomments"
    }
  },
  {
    "model": "auth.permission",
    "pk": 38,
    "fields": {
      "name": "Can change post comments",
      "content_type": 10,
      "codename": "change_postcomments"
    }
  },
  {
    "model": "auth.permission",
    "pk": 39,
    "fields": {
      "name": "Can delete post comments",
      "content_type": 10,
      "codename": "delete_postcomments"
    }
  },
  {
    "model": "auth.permission",
    "pk": 40,
    "fields": {
      "name": "Can view post comments",
      "content_type": 10,
      "codename": "view_postcomments"
    }
  },
  {
    "model": "auth.permission",
    "pk": 41,
    "fields": {
      "name": "Can add tag",
      "content_type": 11,
      "codename": "add_tag"
    }
  },
  {
    "model": "auth.permission",
    "pk": 42,
    "fields": {
      "name": "Can change tag",
      "content_type": 11,
      "codename": "change_tag"
    }
  },
  {
    "model": "auth.permission",
    "pk": 43,
    "fields": {
      "name": "Can delete tag",
      "content_type": 11,
      "codename": "delete_tag"
    }
  },
  {
    "model": "auth.permission",
    "pk": 44,
    "fields": {
      "name": "Can view tag",
      "content_type": 11,
      "codename": "view_tag"
    }
  },
  {
    "model": "auth.permission",
    "pk": 45,
    "fields": {
      "name": "Can add tagged item",
      "content_type": 12,
      "codename": "add_taggeditem"
    }
  },
  {
    "model": "auth.permission",
    "pk": 46,
    "fields": {
      "name": "Can change tagged item",
      "content_type": 12,
      "codename": "change_taggeditem"
    }
  },
  {
    "model": "auth.permission",
    "pk": 47,
    "fields": {
      "name": "Can delete tagged item",
      "content_type": 12,
      "codename": "delete_taggeditem"
    }
  },
  {
    "model": "auth.permission",
    "pk": 48,
    "fields": {
      "name": "Can view tagged item",
      "content_type": 12,
      "codename": "view_taggeditem"
    }
  },
  {
    "model": "auth.user",
    "pk": 1,
    "fields": {
      "password": "pbkdf2_sha256$600000$kiiou7w1DkFuaEI7nTKVHO$30YXYjavd9C4KXyLzv4cS3dxPllRnoJI8nbiFv32M68=",
      "last_login": "2023-07-16T18:16:24.083Z",
      "is_superuser": true,
      "username": "imswaggyboy",
      "first_name": "",
      "last_name": "",
      "email": "imswaggyboy@gmail.com",
      "is_staff": true,
      "is_active": true,
      "date_joined": "2023-07-01T21:07:42.977Z",
      "groups": [],
      "user_permissions": []
    }
  },
  {
    "model": "auth.user",
    "pk": 12,
    "fields": {
      "password": "pbkdf2_sha256$600000$TDkIFZkIeWTbE3CvNotmoM$nlMMWpSsCzre9tV2vPAzqOqHS+eqGyZ0hpJycyttqgo=",
      "last_login": "2023-07-16T10:51:18.388Z",
      "is_superuser": false,
      "username": "testuser56",
      "first_name": "",
      "last_name": "",
      "email": "testuser56@gmail.com",
      "is_staff": false,
      "is_active": true,
      "date_joined": "2023-07-08T15:56:27.248Z",
      "groups": [],
      "user_permissions": []
    }
  },
  {
    "model": "auth.user",
    "pk": 13,
    "fields": {
      "password": "pbkdf2_sha256$600000$Da1oOK9xVtFMDNBM23sLEB$4MpL24kUEWueFq8jz7xBYHvbTMEPpfyZ1iy2sA4fRxA=",
      "last_login": "2023-07-14T13:56:27.700Z",
      "is_superuser": false,
      "username": "saikyouMao",
      "first_name": "",
      "last_name": "",
      "email": "saikyouMao@demon.lord",
      "is_staff": false,
      "is_active": true,
      "date_joined": "2023-07-08T16:01:18.115Z",
      "groups": [],
      "user_permissions": []
    }
  },
  {
    "model": "auth.user",
    "pk": 14,
    "fields": {
      "password": "pbkdf2_sha256$600000$3ZWz7B4KXMNmypOqWzxFkc$mrrW0f7ntyUXZZMBhWRP/Vi72SArserOhQtBdyRMBdA=",
      "last_login": "2023-07-15T18:00:59.668Z",
      "is_superuser": false,
      "username": "prabhat27",
      "first_name": "",
      "last_name": "",
      "email": "prabhatjaiswar20720@gmail.com",
      "is_staff": false,
      "is_active": true,
      "date_joined": "2023-07-15T17:45:29.771Z",
      "groups": [],
      "user_permissions": []
    }
  },
  {
    "model": "auth.user",
    "pk": 16,
    "fields": {
      "password": "pbkdf2_sha256$600000$6ij9bnMR4KByyHUVi7C6OI$4R1xwy9IwmDo6APtZCfo2BbKHuytzduviHJT2vwYdeo=",
      "last_login": "2023-07-16T13:26:51.871Z",
      "is_superuser": false,
      "username": "swagger",
      "first_name": "",
      "last_name": "",
      "email": "swagervardhi@gmail.com",
      "is_staff": false,
      "is_active": true,
      "date_joined": "2023-07-16T13:24:58.491Z",
      "groups": [],
      "user_permissions": []
    }
  },
  {
    "model": "auth.user",
    "pk": 17,
    "fields": {
      "password": "pbkdf2_sha256$600000$gXFyMph4qQBirnrcwxSmpn$aAlCXomif0jcaX9/9lH7soL8Zdcg50c/Nb6HsTMEdns=",
      "last_login": "2023-07-16T15:11:17.937Z",
      "is_superuser": false,
      "username": "prity123",
      "first_name": "",
      "last_name": "",
      "email": "preetim497@gmail.com",
      "is_staff": false,
      "is_active": true,
      "date_joined": "2023-07-16T15:11:11.363Z",
      "groups": [],
      "user_permissions": []
    }
  },
  {
    "model": "auth.user",
    "pk": 18,
    "fields": {
      "password": "pbkdf2_sha256$600000$KULzQ5ilnuOJpqXQnXTwa7$6IiwTDo4PCRJLUStFFdOv5gcZ/VCoDz7GWSbdww/HNk=",
      "last_login": "2023-07-16T15:16:57Z",
      "is_superuser": false,
      "username": "parmu",
      "first_name": "",
      "last_name": "",
      "email": "meinpagalhnu@gmail.com",
      "is_staff": false,
      "is_active": true,
      "date_joined": "2023-07-16T15:16:52Z",
      "groups": [],
      "user_permissions": []
    }
  },
  {
    "model": "auth.user",
    "pk": 19,
    "fields": {
      "password": "pbkdf2_sha256$600000$O7s3VXIkyjA5BHgvD9Xa61$o37SxZDANKQKWWfrEumalqVIaHOEU5GMvbTnT7u8TTY=",
      "last_login": "2023-07-17T05:24:48.885Z",
      "is_superuser": false,
      "username": "testinguser",
      "first_name": "",
      "last_name": "",
      "email": "parmusurya@gmail.com",
      "is_staff": false,
      "is_active": true,
      "date_joined": "2023-07-16T15:18:23Z",
      "groups": [],
      "user_permissions": []
    }
  },
  {
    "model": "auth.user",
    "pk": 20,
    "fields": {
      "password": "pbkdf2_sha256$600000$49M7672tYb7anPF3oKrl0B$z4BaF8JDMQnvyH0cUJkz+uKiNXeBp8kYn/edqGykT9A=",
      "last_login": "2023-07-16T15:59:02.022Z",
      "is_superuser": false,
      "username": "prity",
      "first_name": "",
      "last_name": "",
      "email": "pritym497@gmail.com",
      "is_staff": false,
      "is_active": true,
      "date_joined": "2023-07-16T15:27:18.861Z",
      "groups": [],
      "user_permissions": []
    }
  },
  {
    "model": "user.profile",
    "pk": 3,
    "fields": {
      "user": 1,
      "image": "profile_pics/swaggy_pic_Z5tTWW5.png"
    }
  },
  {
    "model": "user.profile",
    "pk": 5,
    "fields": {
      "user": 12,
      "image": "default.jpg"
    }
  },
  {
    "model": "user.profile",
    "pk": 6,
    "fields": {
      "user": 13,
      "image": "profile_pics/wp8170500-solo-leveling-pc-wallpapers_weHio6q.jpg"
    }
  },
  {
    "model": "user.profile",
    "pk": 7,
    "fields": {
      "user": 14,
      "image": "profile_pics/_BLACK_CLOVER__on_Twitter1_367pEyN.png"
    }
  },
  {
    "model": "user.profile",
    "pk": 9,
    "fields": {
      "user": 16,
      "image": "profile_pics/default.jpg"
    }
  },
  {
    "model": "user.profile",
    "pk": 10,
    "fields": {
      "user": 17,
      "image": "profile_pics/1054068.png"
    }
  },
  {
    "model": "user.profile",
    "pk": 11,
    "fields": {
      "user": 18,
      "image": "profile_pics/default.jpg"
    }
  },
  {
    "model": "user.profile",
    "pk": 12,
    "fields": {
      "user": 19,
      "image": "profile_pics/default.jpg"
    }
  },
  {
    "model": "user.profile",
    "pk": 13,
    "fields": {
      "user": 20,
      "image": "profile_pics/default.jpg"
    }
  },
{
  "model": "taggit.tag",
  "pk": 1,
  "fields": {
    "name": "space",
    "slug": "space"
  }
},
{
  "model": "taggit.tag",
  "pk": 2,
  "fields": {
    "name": "rocket",
    "slug": "rocket"
  }
},
{
  "model": "taggit.tag",
  "pk": 3,
  "fields": {
    "name": "django",
    "slug": "django"
  }
},
{
  "model": "taggit.taggeditem",
  "pk": 1,
  "fields": {
    "tag": 1,
    "content_type": 7,
    "object_id": 35
  }
},
{
  "model": "taggit.taggeditem",
  "pk": 2,
  "fields": {
    "tag": 2,
    "content_type": 7,
    "object_id": 35
  }
},
{
  "model": "taggit.taggeditem",
  "pk": 4,
  "fields": {
    "tag": 1,
    "content_type": 7,
    "object_id": 37
  }
},
{
  "model": "blog.post",
  "pk": 3,
  "fields": {
    "title": "New title updated",
    "slug": "new-title-updated",
    "author": 1,
    "body": "post body",
    "image": "",
    "publish": "2023-07-02T04:22:18Z",
    "created": "2023-07-02T04:22:24.581Z",
    "updated": "2023-07-13T13:56:46.643Z",
    "status": "PB",
    "liked_by": []
  }
},
{
  "model": "blog.post",
  "pk": 5,
  "fields": {
    "title": "another chance in another world",
    "slug": "another-chance-in-another-world",
    "author": 1,
    "body": "i want to live in another world when i die \r\nwith the my previous memories",
    "image": "blog_pics/Screenshot_167.png",
    "publish": "2023-07-02T07:45:49Z",
    "created": "2023-07-02T07:47:00.254Z",
    "updated": "2023-07-14T13:36:28.370Z",
    "status": "PB",
    "liked_by": [
      1,
      12,
      13
    ]
  }
},
{
  "model": "blog.post",
  "pk": 16,
  "fields": {
    "title": "Attack on Titan",
    "slug": "attack-on-titan",
    "author": 1,
    "body": "One of my favorite",
    "image": "blog_pics/aot.jpeg",
    "publish": "2023-07-09T14:30:24.095Z",
    "created": "2023-07-09T14:30:24.102Z",
    "updated": "2023-07-13T16:47:45.591Z",
    "status": "PB",
    "liked_by": [
      12
    ]
  }
},
{
  "model": "blog.post",
  "pk": 18,
  "fields": {
    "title": "Black Clover",
    "slug": "black-clover",
    "author": 1,
    "body": "this is also my favourite anime and this is my first anime i ever watched",
    "image": "",
    "publish": "2023-07-09T14:57:25.679Z",
    "created": "2023-07-09T14:57:25.679Z",
    "updated": "2023-07-12T14:44:25.685Z",
    "status": "PB",
    "liked_by": [
      13
    ]
  }
},
{
  "model": "blog.post",
  "pk": 25,
  "fields": {
    "title": "it midnight over here",
    "slug": "it-midnight-over-here",
    "author": 1,
    "body": "nothing just trying to complete my project",
    "image": "blog_pics/wp8170500-solo-leveling-pc-wallpapers_ywE1Wp7.jpg",
    "publish": "2023-07-09T21:45:44.991Z",
    "created": "2023-07-09T21:45:44.991Z",
    "updated": "2023-07-13T14:33:25.223Z",
    "status": "PB",
    "liked_by": [
      1,
      12
    ]
  }
},
{
  "model": "blog.post",
  "pk": 27,
  "fields": {
    "title": "My Updated1",
    "slug": "my-updated1",
    "author": 1,
    "body": "My first updated after!\r\n\r\nThis is exciting!",
    "image": "blog_pics/1248391.png",
    "publish": "2023-07-10T10:28:22Z",
    "created": "2023-07-10T10:28:22.962Z",
    "updated": "2023-07-13T14:32:16.762Z",
    "status": "PB",
    "liked_by": [
      1,
      12
    ]
  }
},
{
  "model": "blog.post",
  "pk": 29,
  "fields": {
    "title": "Top 5 Programming Lanaguages1",
    "slug": "top-5-programming-lanaguages1",
    "author": 1,
    "body": "Te better apeirian demand when it falls very much with them! He takes the organized as these. And weights sadipscing, football and pain, but do not refuse! He will look at it, it is a whitish kid, no one will approve each. He says he corrupts the use of the face to write it.\r\n\r\nVim to exercise nowhere. I pulled out or where? And the good sense, changes to the minimum. The little were sealed,sadipscing theophemer to the question. Ancille and what it has, use not to be assumed zril debate, but boasts.",
    "image": "blog_pics/asta1.jpg",
    "publish": "2023-07-10T10:28:24Z",
    "created": "2023-07-10T10:28:24.219Z",
    "updated": "2023-07-14T13:35:53.087Z",
    "status": "PB",
    "liked_by": [
      1,
      12
    ]
  }
},
{
  "model": "blog.post",
  "pk": 30,
  "fields": {
    "title": "dsadsad",
    "slug": "dsadsad",
    "author": 12,
    "body": "sdadsadsadasdasdadadad",
    "image": "",
    "publish": "2023-07-12T14:19:54Z",
    "created": "2023-07-12T14:20:06.403Z",
    "updated": "2023-07-13T17:59:16.066Z",
    "status": "DF",
    "liked_by": [
      1
    ]
  }
},
{
  "model": "blog.post",
  "pk": 31,
  "fields": {
    "title": "trial",
    "slug": "trial",
    "author": 1,
    "body": "will this work",
    "image": "blog_pics/wp8170262-solo-leveling-pc-wallpapers.png",
    "publish": "2023-07-13T14:01:50.550Z",
    "created": "2023-07-13T14:01:50.551Z",
    "updated": "2023-07-13T14:03:27.573Z",
    "status": "PB",
    "liked_by": [
      1,
      12,
      13
    ]
  }
},
{
  "model": "blog.post",
  "pk": 33,
  "fields": {
    "title": "Nature",
    "slug": "nature",
    "author": 1,
    "body": "The spring equinox here in the northern hemisphere will be about six hours from now. Here’s my traditional spring quotation of Swinburne:\r\n\r\nFor winter’s rains and ruins are over,\r\n\r\nAnd all the season of snows and sins;\r\n\r\nThe days dividing lover and lover,\r\n\r\nThe light that loses, the night that wins;\r\n\r\nAnd time remember’d is grief forgotten,\r\n\r\nAnd frosts are slain and flowers begotten,\r\n\r\nAnd in green underwood and cover\r\n\r\nBlossom by blossom the spring begins.\r\n\r\n—Algernon Charles Swinburne, from “Atalanta in Calydon” (1865)\r\n\r\n…I recently read the entirety of that poem for the first time (after many years of loving and quoting the above bit), and learned that there’s a lot more that’s distressing in it than I had previously thought. Most of the poem is in no way a celebration of spring. But I do still love the abovequoted bit.\r\n\r\nIn the past, I’ve also included various other bits of spring poetry, but not gonna manage that today.",
    "image": "blog_pics/wide-angle-shot-single-tree-growing-clouded-sky-during-sunset-surrounded-by-gr_gnfkMjO.jpg",
    "publish": "2023-07-13T14:37:43.869Z",
    "created": "2023-07-13T14:37:43.889Z",
    "updated": "2023-07-13T14:37:43.889Z",
    "status": "PB",
    "liked_by": [
      1,
      12,
      13
    ]
  }
},
{
  "model": "blog.post",
  "pk": 34,
  "fields": {
    "title": "Happy solstice!",
    "slug": "happy-solstice",
    "author": 13,
    "body": "The winter solstice arrived here in the northern hemisphere about 45 minutes ago. (And the summer solstice in the southern hemisphere, of course.) Here’s my usual reposting of two winter-solstice verses.\r\n\r\nFirst, from T. S. Eliot‘s “Burnt Norton” (1935):\r\n\r\nAt the still point of the turning world. Neither flesh nor fleshless;\r\n\r\nNeither from nor towards; at the still point, there the dance is,\r\n\r\nBut neither arrest nor movement. And do not call it fixity,\r\n\r\nWhere past and future are gathered. Neither movement from nor towards,\r\n\r\nNeither ascent nor decline. Except for the point, the still point,\r\n\r\nThere would be no dance, and there is only the dance.\r\n\r\nI can only say, there we have been: but I cannot say where.\r\n\r\nAnd I cannot say, how long, for that is to place it in time.\r\n\r\nAnd second, my favorite lines from Susan Cooper‘s poem “The Shortest Day”:\r\n\r\nAs promise wakens in the sleeping land[…]\r\n\r\nThey carol, feast, give thanks,\r\n\r\nAnd dearly love their friends, and hope for peace.\r\n\r\nCooper now explicitly allows quoting her poem, but only under certain conditions: “It must be for personal, non-commercial use, and you must use the poem in its entirety (including the last line), and you must cite it ‘Copyright Susan Cooper.’” Unfortunately, she provides the poem on her website only in image format. Fortunately, Safari now lets you select the text of an image. So here’s the full poem, copyright Susan Cooper:\r\n\r\nThe Shortest Day\r\nBy Susan Cooper\r\n\r\n \r\n\r\nSo the shortest day came, and the year died,\r\n\r\nAnd everywhere down the centuries of the snow-white world\r\n\r\nCame people singing, dancing,\r\n\r\nTo drive the dark away.\r\n\r\nThey lighted candles in the winter trees;\r\n\r\nThey hung their homes with evergreen,\r\n\r\nThey burned beseeching fires all night long\r\n\r\nTo keep the year alive.\r\n\r\nAnd when the new year’s sunshine blazed awake\r\n\r\nThey shouted, revelling.\r\n\r\nThrough all the frosty ages you can hear them\r\n\r\nEchoing, behind us—listen!\r\n\r\nAll the long echoes sing the same delight\r\n\r\nThis shortest day\r\n\r\nAs promise wakens in the sleeping land.\r\n\r\nThey carol, feast, give thanks,\r\n\r\nAnd dearly love their friends, and hope for peace.\r\n\r\nAnd so do we, here, now,\r\n\r\nThis year, and every year.\r\n\r\nWelcome Yule!",
    "image": "blog_pics/wallpaperflare.com_wallpaper.jpg",
    "publish": "2023-07-13T14:57:31Z",
    "created": "2023-07-13T14:57:31.034Z",
    "updated": "2023-07-13T18:02:01.752Z",
    "status": "PB",
    "liked_by": [
      1,
      12,
      13,
      16,
      19
    ]
  }
},
{
  "model": "blog.post",
  "pk": 35,
  "fields": {
    "title": "India's Chandrayaan-3 launches to explore moon's water-rich south pole",
    "slug": "indias-chandrayaan-3-launches-to-explore-moons-water-rich-south-pole",
    "author": 1,
    "body": "India has launched its Chandrayaan-3 mission, which aims to explore the south pole of the moon by rover, completing a scientific mission that was first attempted in 2019 but ended in catastrophic failure due to a software glitch\r\n\r\nIndia has successfully launched its latest mission to the moon, Chandrayaan-3. The spacecraft is designed to explore the south pole of the moon, which has water reserves that could help make a permanent lunar base possible.\r\n\r\nThe Indian Space Research Organisation’s Chandrayaan-3, which takes its name from the Sanskrit word for “mooncraft”, took off onboard a Launch Vehicle Mark-III rocket from the southern state of Andhra Pradesh at 2:35pm, local time, on 14 July.\r\n\r\nThe preceding Chandrayaan-2 mission ended in failure in 2019 when a software glitch caused the lander to crash into the surface of the moon. The Vikram lander carried on that mission was meant to deploy a six-wheeled rover named Pragyan that would have explored the moon’s south pole, but both were destroyed on impact.\r\n\r\nThe earlier Chandrayaan-1 mission consisted of a lunar orbiter and a probe designed to deliberately hit the moon at speed, again targeting the south pole. That mission was a success and made India the fourth nation on Earth to leave its flag on the moon.\r\n\r\nTo date, only the US, the USSR and China have successfully landed lunar missions intact. A private attempt by a Japanese start-up in April ended unsuccessfully when it, too, crashed into the surface at speed.",
    "image": "blog_pics/chandrayaan-3.jpg",
    "publish": "2023-07-14T11:36:09Z",
    "created": "2023-07-14T11:36:09.187Z",
    "updated": "2023-07-16T18:17:05.391Z",
    "status": "PB",
    "liked_by": [
      1,
      12,
      13,
      14,
      16,
      17,
      20
    ]
  }
},
{
  "model": "blog.post",
  "pk": 37,
  "fields": {
    "title": "Black holes: Everything you need to know",
    "slug": "black-holes-everything-you-need-to-know",
    "author": 19,
    "body": "How do black holes form?\r\nBlack holes are expected to form via two distinct channels. According to the first pathway, they are stellar corpses, so they form when massive stars die. Stars whose birth masses are above roughly 8 to 10 times mass of our sun, when they exhaust all their fuel — their hydrogen — they explode and die leaving behind a very compact dense object, a black hole. The resulting black hole that is left behind is referred to as a stellar mass black hole and its mass is of the order of a few times the mass of the sun. \r\n\r\nNot all stars leave behind black holes, stars with lower birth masses leave behind a neutron star or a white dwarf. Another way that black holes form is from the direct collapse of gas, a process that is expected to result in more massive black holes with a mass ranging from 1000 times the mass of the sun up to even 100,000 times the mass of the sun. This channel circumvents the formation of the traditional star, and is believed to operate in the early universe and produce more massive black hole seeds. \r\n\r\nWho discovered black holes?\r\nBlack holes were predicted as an exact mathematical solution to Einstein's equations. Einstein's equations describe the shape of space around matter. The theory of general relativity connects the geometry or shape of shape to the detailed distribution of matter. \r\n\r\nThe black hole solution was found was by Karl Schwarzschild in 1915, and these regions — black holes — were found to distort space extremally and generate a puncture in the fabric of spacetime. It was unclear at the time if these corresponded to real objects in the universe. Over time, as other end products of stellar death were detected, namely, neutron stars seen as pulsars it became clear that black holes were real and ought to exist. The first detected black hole was Cygnus-X1.\r\n\r\nDo black holes die?\r\nBlack holes do not die per se, but they are theoretically predicted to eventually slowly evaporate over extremely long time scales. \r\n\r\nBlack holes grow by the accretion of matter nearby that is pulled in by their immense gravity. Hawking predicted that black holes could also radiate away energy and shrink very slowly. Quantum theory suggests that there exist virtual particles popping in and out of existence all the time. When this happens, a particle and its companion anti-particle appear. However, they can also recombine and disappear again. When this process occurs near the event horizon of a black hole, strange things can happen. Instead of the particle antiparticle pair existing for a moment and then annihilating each other, one of them can get by gravity and fall into the black hole, while the other particle can fly off into space. Over very long timescales, we are speaking about timescales that are much much longer than the age of our universe, the theory states that this trickle of escaping particles will cause the black hole to slowly evaporate.\r\n\r\nAre black holes wormholes?\r\nNo black holes are not wormholes. Wormholes can be thought of as tunnels that connect two separate points in space and time. It is believed that the interior of black holes could contain a wormhole, the puncture is spacetime, that could offer a portal to another point in spacetime potentially even in a different universe.\r\n\r\nFIRST BLACK HOLE DISCOVERED\r\nAlbert Einstein first predicted the existence of black holes in 1916, with his general theory of relativity. The term \"black hole\" was coined many years later in 1967 by American astronomer John Wheeler. After decades of black holes being known only as theoretical objects. \r\n\r\nThe first black hole ever discovered was Cygnus X-1, located within the Milky Way in the constellation of Cygnus, the Swan. Astronomers saw the first signs of the black hole in 1964 when a sounding rocket detected celestial sources of X-rays according to NASA. In 1971, astronomers determined that the X-rays were coming from a bright blue star orbiting a strange dark object. It was suggested that the detected X-rays were a result of stellar material being stripped away from the bright star and \"gobbled\" up by the dark object — an all-consuming black hole.  \r\n\r\nHOW MANY BLACK HOLES ARE THERE?\r\nA deep space image showing a faint blue X-ray source at the center which indicates the existence of Sagittarius A*.\r\n\r\nAt the center of the Milky Way lies a supermassive black hole Sagittarius A* (Sgr A*). (Image credit: NASA/UMass/D.Wang et al., IR: NASA/STScI)\r\nAccording to the Space Telescope Science Institute (STScI) approximately one out of every thousand stars is massive enough to become a black hole. Since the Milky Way contains over 100 billion stats, our home galaxy must harbor some 100 million black holes. \r\n\r\nThough detecting black holes is a difficult task and estimates from NASA suggest there could be as many as 10 million to a billion stellar black holes in the Milky Way. \r\n\r\nThe closest black hole to Earth is dubbed \"The Unicorn\" and is situated approximately 1,500 light-years away. The nickname has a double meaning. Not only does the black hole candidate reside in the constellation Monoceros (\"the unicorn\"), its incredibly low mass — about three times that of the sun — makes it nearly one of a kind.\r\n\r\nOrange glowing ring surrounding a black circle.\r\n\r\nThe Event Horizon Telescope, a planet-scale array of eight ground-based radio telescopes forged through international collaboration, captured this image of the supermassive black hole in the center of the galaxy M87 and its shadow. (Image credit: EHT Collaboration)\r\nIn 2019 the Event Horizon Telescope (EHT) collaboration released the first image ever recorded of a black hole. The EHT saw the black hole in the center of galaxy M87 while the telescope was examining the event horizon or the area past which nothing can escape from a black hole. The image maps the sudden loss of photons (particles of light). It also opens up a whole new area of research in black holes, now that astronomers know what a black hole looks like.\r\n\r\nIn 2021, astronomers revealed a new view of the giant black hole at the center of M87, showing what the colossal structure looks like in polarized light. As polarized light waves have a different orientation and brightness compared to unpolarized light, the new image shows the black hole in even more detail. Polarization is a signature of magnetic fields and the image makes it clear that the black hole's ring is magnetized. \r\n\r\nOrange glowing ring with lines of light within surrounding a black circle.\r\n\r\nFollowing the release of the first image of a black hole in 2019, astronomers captured a new polarized view of the black hole. (Image credit: EHT Collaboration)\r\nIn May 2022, scientists revealed the historic first image of the supermassive black hole at the center of our galaxy — Sagitarrius A*.\r\n\r\nRelated: The 1st photo of the Milky Way's monster black hole explained in images\r\n\r\nWHAT DO BLACK HOLES LOOK LIKE?\r\nBlack holes have three \"layers\": the outer and inner event horizon, and the singularity.\r\n\r\nThe event horizon of a black hole is the boundary around the mouth of the black hole, past which light cannot escape. Once a particle crosses the event horizon, it cannot leave. Gravity is constant across the event horizon.\r\n\r\nThe inner region of a black hole, where the object's mass lies, is known as its singularity, the single point in space-time where the mass of the black hole is concentrated.\r\n\r\nScientists can't see black holes the way they can see stars and other objects in space. Instead, astronomers must rely on detecting the radiation black holes emit as dust and gas are drawn into the dense creatures. But supermassive black holes, lying in the center of a galaxy, may become shrouded by the thick dust and gas around them, which can block the telltale emissions.\r\n\r\nRELATED STORIES:\r\n— What happens at the center of a black hole?\r\n\r\n— Where do black holes lead to?\r\n\r\n— What is the biggest thing in the universe? \r\n\r\nSometimes, as matter is drawn toward a black hole, it ricochets off the event horizon and is hurled outward, rather than being tugged into the maw. Bright jets of material traveling at near-relativistic speeds are created. Although the black hole remains unseen, these powerful jets can be viewed from great distances.\r\n\r\nThe EHT's image of a black hole in M87 (released in 2019) was an extraordinary effort, requiring two years of research even after the images were taken. That's because the collaboration of telescopes, which stretches across many observatories worldwide, produces an astounding amount of data that is too large to transfer via the internet. \r\n\r\nWith time, researchers expect to image other black holes and build up a repository of what the objects look like. The next target is likely Sagittarius A*, which is the black hole in the center of our own Milky Way galaxy. Sagittarius A* is intriguing because it is quieter than expected, which may be due to magnetic fields smothering its activity, a 2019 study reported. Another study that year showed that a cool gas halo surrounds Sagittarius A*, which gives unprecedented insight into what the environment around a black hole looks like.\r\n\r\nGraphic illustrating showing the various layers of a black hole including the accretion disk, event horizon, relativistic jet, singularity, photon sphere and innermost stable orbit.\r\n\r\nESO's black hole anatomy diagram shows what a black hole looks like and labels the different components.  (Image credit: ESO)\r\nTYPES OF BLACK HOLES\r\nSo far, astronomers have identified three types of black holes: stellar black holes, supermassive black holes and intermediate black holes. \r\n\r\nStellar black holes — small but deadly \r\nWhen a star burns through the last of its fuel, the object may collapse, or fall into itself. For smaller stars (those up to about three times the sun's mass), the new core will become a neutron star or a white dwarf. But when a larger star collapses, it continues to compress and creates a stellar black hole.\r\n\r\nBlack holes formed by the collapse of individual stars are relatively small but incredibly dense. One of these objects packs more than three times the mass of the sun into the diameter of a city. This leads to a crazy amount of gravitational force pulling on objects around the object. Stellar black holes then consume the dust and gas from their surrounding galaxies, which keeps them growing in size.\r\n\r\nSupermassive black holes — the birth of giants \r\nSmall black holes populate the universe, but their cousins, supermassive black holes, dominate. These enormous black holes are millions or even billions of times as massive as the sun but are about the same size in diameter. Such black holes are thought to lie at the center of pretty much every galaxy, including the Milky Way.\r\n\r\nScientists aren't certain how such large black holes spawn. Once these giants have formed, they gather mass from the dust and gas around them, material that is plentiful in the center of galaxies, allowing them to grow to even more enormous sizes.\r\n\r\nSupermassive black holes may be the result of hundreds or thousands of tiny black holes that merge. Large gas clouds could also be responsible, collapsing together and rapidly accreting mass. A third option is the collapse of a stellar cluster, a group of stars all falling together. Fourth, supermassive black holes could arise from large clusters of dark matter. This is a substance that we can observe through its gravitational effect on other objects; however, we don't know what dark matter is composed of because it does not emit light and cannot be directly observed.\r\n\r\nIntermediate black holes \r\nScientists once thought that black holes came in only small and large sizes, but research has revealed the possibility that midsize, or intermediate, black holes (IMBHs) could exist. Such bodies could form when stars in a cluster collide in a chain reaction. Several of these IMBHs forming in the same region could then eventually fall together in the center of a galaxy and create a supermassive black hole.\r\n\r\nIn 2014, astronomers found what appeared to be an intermediate-mass black hole in the arm of a spiral galaxy. And in 2021 astronomers took advantage of an ancient gamma-ray burst to detect one.\r\n\r\n\"Astronomers have been looking very hard for these medium-sized black holes,\" study co-author Tim Roberts, of the University of Durham in the United Kingdom, said in a statement. \"There have been hints that they exist, but IMBHs have been acting like a long-lost relative that isn't interested in being found.\"\r\n\r\nResearch, from 2018, suggested that these IMBHs may exist in the heart of dwarf galaxies (or very small galaxies). Observations of 10 such galaxies (five of which were previously unknown to science before this latest survey) revealed X-ray activity — common in black holes — suggesting the presence of black holes of from 36,000 to 316,000 solar masses. The information came from the Sloan Digital Sky Survey, which examines about 1 million galaxies and can detect the kind of light often observed coming from black holes that are picking up nearby debris. \r\n\r\nBinary black holes: double trouble  \r\nGraphic illustration shows a large black circular void - a supermassive black hole with a smaller black circle to the left - a companion black hole.\r\n\r\nArtist's illustration of a supermassive black hole with a companion black hole orbiting around it.  (Image credit: Caltech-IPAC)\r\nIn 2015, astronomers using the Laser Interferometer Gravitational-Wave Observatory (LIGO) detected gravitational waves from merging stellar black holes.\r\n\r\n\"We have further confirmation of the existence of stellar-mass black holes that are larger than 20 solar masses — these are objects we didn't know existed before LIGO detected them,\" David Shoemaker, the spokesperson for the LIGO Scientific Collaboration (LSC), said in a statement. LIGO's observations also provide insights into the direction a black hole spins. As two black holes spiral around one another, they can spin in the same direction or the opposite direction.\r\n\r\nThere are two theories on how binary black holes form. The first suggests that the two black holes in a binary form at about the same time, from two stars that were born together and died explosively at about the same time. The companion stars would have had the same spin orientation as one another, so the two black holes left behind would as well.\r\n\r\nUnder the second model, black holes in a stellar cluster sink to the center of the cluster and pair up. These companions would have random spin orientations compared to one another according to LIGO Scientific Collaboration. LIGO's observations of companion black holes with different spin orientations provide stronger evidence for this formation theory.\r\n\r\n\"We're starting to gather real statistics on binary black hole systems,\" said LIGO scientist Keita Kawabe of Caltech, who is based at the LIGO Hanford Observatory. \"That's interesting because some models of black hole binary formation are somewhat favored over the others even now, and in the future, we can further narrow this down.\"",
    "image": "blog_pics/blackhole.jpg",
    "publish": "2023-07-17T05:26:32.613Z",
    "created": "2023-07-17T05:26:34.694Z",
    "updated": "2023-07-17T05:28:23.167Z",
    "status": "PB",
    "liked_by": [
      19
    ]
  }
},
{
  "model": "blog.postcomments",
  "pk": 1,
  "fields": {
    "post": 35,
    "name": 1,
    "comment": "sugoiiii",
    "created": "2023-07-15T06:48:32.435Z",
    "active": true,
    "comment_likes": [
      1,
      12
    ]
  }
},
{
  "model": "blog.postcomments",
  "pk": 2,
  "fields": {
    "post": 35,
    "name": 13,
    "comment": "i wish for mission to be successful",
    "created": "2023-07-15T07:32:57.501Z",
    "active": true,
    "comment_likes": [
      1
    ]
  }
},
{
  "model": "blog.postcomments",
  "pk": 3,
  "fields": {
    "post": 35,
    "name": 1,
    "comment": "yess me too!!",
    "created": "2023-07-15T07:33:15.121Z",
    "active": true,
    "comment_likes": [
      1
    ]
  }
},
{
  "model": "blog.postcomments",
  "pk": 17,
  "fields": {
    "post": 34,
    "name": 12,
    "comment": "hello nature",
    "created": "2023-07-16T11:07:45.028Z",
    "active": true,
    "comment_likes": []
  }
},
{
  "model": "blog.postcomments",
  "pk": 19,
  "fields": {
    "post": 34,
    "name": 1,
    "comment": "adasdsad",
    "created": "2023-07-16T11:12:08.579Z",
    "active": true,
    "comment_likes": []
  }
},
{
  "model": "blog.postcomments",
  "pk": 20,
  "fields": {
    "post": 34,
    "name": 1,
    "comment": "i thiink this should work",
    "created": "2023-07-16T11:18:02.701Z",
    "active": true,
    "comment_likes": []
  }
},
{
  "model": "blog.postcomments",
  "pk": 21,
  "fields": {
    "post": 34,
    "name": 1,
    "comment": "i think this should not throw error",
    "created": "2023-07-16T11:23:15.571Z",
    "active": true,
    "comment_likes": []
  }
},
{
  "model": "blog.postcomments",
  "pk": 22,
  "fields": {
    "post": 34,
    "name": 1,
    "comment": "moshi moshi",
    "created": "2023-07-16T13:22:10.375Z",
    "active": true,
    "comment_likes": []
  }
},
{
  "model": "blog.postcomments",
  "pk": 23,
  "fields": {
    "post": 35,
    "name": 16,
    "comment": "suiiiiiiii!!!!!!!!!!!",
    "created": "2023-07-16T13:27:10.100Z",
    "active": true,
    "comment_likes": [
      1
    ]
  }
},
{
  "model": "blog.postcomments",
  "pk": 24,
  "fields": {
    "post": 35,
    "name": 17,
    "comment": "hello",
    "created": "2023-07-16T15:11:29.013Z",
    "active": true,
    "comment_likes": []
  }
},
{
  "model": "blog.postcomments",
  "pk": 25,
  "fields": {
    "post": 37,
    "name": 19,
    "comment": "blackhole!!!!!!!!!!!",
    "created": "2023-07-17T05:30:44.258Z",
    "active": true,
    "comment_likes": [
      19
    ]
  }
},

{
  "model": "admin.logentry",
  "pk": 1,
  "fields": {
    "action_time": "2023-07-01T21:15:53.331Z",
    "user": 1,
    "content_type": 7,
    "object_id": "1",
    "object_repr": "Why I feel like EveryOne is ahead of ME?",
    "action_flag": 1,
    "change_message": "[{\"added\": {}}]"
  }
},
{
  "model": "admin.logentry",
  "pk": 2,
  "fields": {
    "action_time": "2023-07-02T04:11:47.167Z",
    "user": 1,
    "content_type": 7,
    "object_id": "2",
    "object_repr": "good morning goodness",
    "action_flag": 1,
    "change_message": "[{\"added\": {}}]"
  }
},
{
  "model": "admin.logentry",
  "pk": 3,
  "fields": {
    "action_time": "2023-07-02T05:11:48.177Z",
    "user": 1,
    "content_type": 7,
    "object_id": "2",
    "object_repr": "good morning goodness",
    "action_flag": 2,
    "change_message": "[{\"changed\": {\"fields\": [\"Status\"]}}]"
  }
},
{
  "model": "admin.logentry",
  "pk": 4,
  "fields": {
    "action_time": "2023-07-02T05:44:14.983Z",
    "user": 1,
    "content_type": 7,
    "object_id": "3",
    "object_repr": "New title",
    "action_flag": 2,
    "change_message": "[{\"changed\": {\"fields\": [\"Status\"]}}]"
  }
},
{
  "model": "admin.logentry",
  "pk": 5,
  "fields": {
    "action_time": "2023-07-02T07:45:44.957Z",
    "user": 1,
    "content_type": 7,
    "object_id": "4",
    "object_repr": "good morning",
    "action_flag": 1,
    "change_message": "[{\"added\": {}}]"
  }
},
{
  "model": "admin.logentry",
  "pk": 6,
  "fields": {
    "action_time": "2023-07-02T07:47:00.257Z",
    "user": 1,
    "content_type": 7,
    "object_id": "5",
    "object_repr": "another chance in another world",
    "action_flag": 1,
    "change_message": "[{\"added\": {}}]"
  }
},
{
  "model": "admin.logentry",
  "pk": 7,
  "fields": {
    "action_time": "2023-07-02T18:35:31.377Z",
    "user": 1,
    "content_type": 4,
    "object_id": "2",
    "object_repr": "testuser",
    "action_flag": 1,
    "change_message": "[{\"added\": {}}]"
  }
},
{
  "model": "admin.logentry",
  "pk": 8,
  "fields": {
    "action_time": "2023-07-02T18:36:24.683Z",
    "user": 1,
    "content_type": 7,
    "object_id": "6",
    "object_repr": "will this work",
    "action_flag": 1,
    "change_message": "[{\"added\": {}}]"
  }
},
{
  "model": "admin.logentry",
  "pk": 9,
  "fields": {
    "action_time": "2023-07-02T18:36:47.362Z",
    "user": 1,
    "content_type": 7,
    "object_id": "6",
    "object_repr": "will this work",
    "action_flag": 2,
    "change_message": "[{\"changed\": {\"fields\": [\"Status\"]}}]"
  }
},
{
  "model": "admin.logentry",
  "pk": 10,
  "fields": {
    "action_time": "2023-07-02T19:56:48.373Z",
    "user": 1,
    "content_type": 7,
    "object_id": "7",
    "object_repr": "good morning",
    "action_flag": 1,
    "change_message": "[{\"added\": {}}]"
  }
},
{
  "model": "admin.logentry",
  "pk": 11,
  "fields": {
    "action_time": "2023-07-02T19:57:07.606Z",
    "user": 1,
    "content_type": 7,
    "object_id": "7",
    "object_repr": "good morning",
    "action_flag": 3,
    "change_message": ""
  }
},
{
  "model": "admin.logentry",
  "pk": 12,
  "fields": {
    "action_time": "2023-07-08T06:12:43.386Z",
    "user": 1,
    "content_type": 4,
    "object_id": "6",
    "object_repr": "testuser57",
    "action_flag": 1,
    "change_message": "[{\"added\": {}}]"
  }
},
{
  "model": "admin.logentry",
  "pk": 13,
  "fields": {
    "action_time": "2023-07-08T06:15:46.647Z",
    "user": 1,
    "content_type": 4,
    "object_id": "2",
    "object_repr": "testuser",
    "action_flag": 3,
    "change_message": ""
  }
},
{
  "model": "admin.logentry",
  "pk": 14,
  "fields": {
    "action_time": "2023-07-08T06:15:46.834Z",
    "user": 1,
    "content_type": 4,
    "object_id": "6",
    "object_repr": "testuser57",
    "action_flag": 3,
    "change_message": ""
  }
},
{
  "model": "admin.logentry",
  "pk": 15,
  "fields": {
    "action_time": "2023-07-08T06:15:46.944Z",
    "user": 1,
    "content_type": 4,
    "object_id": "7",
    "object_repr": "testuser58",
    "action_flag": 3,
    "change_message": ""
  }
},
{
  "model": "admin.logentry",
  "pk": 16,
  "fields": {
    "action_time": "2023-07-08T06:15:47.022Z",
    "user": 1,
    "content_type": 4,
    "object_id": "4",
    "object_repr": "tesuser55",
    "action_flag": 3,
    "change_message": ""
  }
},
{
  "model": "admin.logentry",
  "pk": 17,
  "fields": {
    "action_time": "2023-07-08T06:15:47.115Z",
    "user": 1,
    "content_type": 4,
    "object_id": "3",
    "object_repr": "usertest",
    "action_flag": 3,
    "change_message": ""
  }
},
{
  "model": "admin.logentry",
  "pk": 18,
  "fields": {
    "action_time": "2023-07-08T06:55:43.694Z",
    "user": 1,
    "content_type": 9,
    "object_id": "1",
    "object_repr": "imswaggyboy Profile",
    "action_flag": 1,
    "change_message": "[{\"added\": {}}]"
  }
},
{
  "model": "admin.logentry",
  "pk": 19,
  "fields": {
    "action_time": "2023-07-08T06:55:48.601Z",
    "user": 1,
    "content_type": 9,
    "object_id": "2",
    "object_repr": "testuesr56 Profile",
    "action_flag": 1,
    "change_message": "[{\"added\": {}}]"
  }
},
{
  "model": "admin.logentry",
  "pk": 20,
  "fields": {
    "action_time": "2023-07-08T07:04:10.008Z",
    "user": 1,
    "content_type": 9,
    "object_id": "2",
    "object_repr": "testuesr56 Profile",
    "action_flag": 3,
    "change_message": ""
  }
},
{
  "model": "admin.logentry",
  "pk": 21,
  "fields": {
    "action_time": "2023-07-08T07:04:10.197Z",
    "user": 1,
    "content_type": 9,
    "object_id": "1",
    "object_repr": "imswaggyboy Profile",
    "action_flag": 3,
    "change_message": ""
  }
},
{
  "model": "admin.logentry",
  "pk": 22,
  "fields": {
    "action_time": "2023-07-08T07:04:20.561Z",
    "user": 1,
    "content_type": 9,
    "object_id": "3",
    "object_repr": "imswaggyboy Profile",
    "action_flag": 1,
    "change_message": "[{\"added\": {}}]"
  }
},
{
  "model": "admin.logentry",
  "pk": 23,
  "fields": {
    "action_time": "2023-07-08T07:04:27.903Z",
    "user": 1,
    "content_type": 9,
    "object_id": "4",
    "object_repr": "testuesr56 Profile",
    "action_flag": 1,
    "change_message": "[{\"added\": {}}]"
  }
},
{
  "model": "admin.logentry",
  "pk": 24,
  "fields": {
    "action_time": "2023-07-08T15:50:50.108Z",
    "user": 1,
    "content_type": 4,
    "object_id": "5",
    "object_repr": "testuesr56",
    "action_flag": 3,
    "change_message": ""
  }
},
{
  "model": "admin.logentry",
  "pk": 25,
  "fields": {
    "action_time": "2023-07-08T15:50:50.216Z",
    "user": 1,
    "content_type": 4,
    "object_id": "8",
    "object_repr": "testuser",
    "action_flag": 3,
    "change_message": ""
  }
},
{
  "model": "admin.logentry",
  "pk": 26,
  "fields": {
    "action_time": "2023-07-08T15:50:50.305Z",
    "user": 1,
    "content_type": 4,
    "object_id": "9",
    "object_repr": "testuser2",
    "action_flag": 3,
    "change_message": ""
  }
},
{
  "model": "admin.logentry",
  "pk": 27,
  "fields": {
    "action_time": "2023-07-08T15:50:50.403Z",
    "user": 1,
    "content_type": 4,
    "object_id": "10",
    "object_repr": "tesuser",
    "action_flag": 3,
    "change_message": ""
  }
},
{
  "model": "admin.logentry",
  "pk": 28,
  "fields": {
    "action_time": "2023-07-08T17:34:24.080Z",
    "user": 1,
    "content_type": 9,
    "object_id": "3",
    "object_repr": "imswaggyboy Profile",
    "action_flag": 2,
    "change_message": "[{\"changed\": {\"fields\": [\"Image\"]}}]"
  }
},
{
  "model": "admin.logentry",
  "pk": 29,
  "fields": {
    "action_time": "2023-07-08T17:36:34.049Z",
    "user": 1,
    "content_type": 9,
    "object_id": "3",
    "object_repr": "imswaggyboy Profile",
    "action_flag": 2,
    "change_message": "[{\"changed\": {\"fields\": [\"Image\"]}}]"
  }
},
{
  "model": "admin.logentry",
  "pk": 30,
  "fields": {
    "action_time": "2023-07-09T13:57:27.326Z",
    "user": 1,
    "content_type": 7,
    "object_id": "8",
    "object_repr": "dsds",
    "action_flag": 2,
    "change_message": "[{\"changed\": {\"fields\": [\"Slug\"]}}]"
  }
},
{
  "model": "admin.logentry",
  "pk": 31,
  "fields": {
    "action_time": "2023-07-09T13:57:56.559Z",
    "user": 1,
    "content_type": 7,
    "object_id": "8",
    "object_repr": "dsds",
    "action_flag": 2,
    "change_message": "[{\"changed\": {\"fields\": [\"Status\"]}}]"
  }
},
{
  "model": "admin.logentry",
  "pk": 32,
  "fields": {
    "action_time": "2023-07-09T15:13:04.279Z",
    "user": 1,
    "content_type": 7,
    "object_id": "20",
    "object_repr": "good poem",
    "action_flag": 3,
    "change_message": ""
  }
},
{
  "model": "admin.logentry",
  "pk": 33,
  "fields": {
    "action_time": "2023-07-09T18:11:51.614Z",
    "user": 1,
    "content_type": 7,
    "object_id": "9",
    "object_repr": "dadad",
    "action_flag": 3,
    "change_message": ""
  }
},
{
  "model": "admin.logentry",
  "pk": 34,
  "fields": {
    "action_time": "2023-07-09T18:11:51.703Z",
    "user": 1,
    "content_type": 7,
    "object_id": "10",
    "object_repr": "gebrizz",
    "action_flag": 3,
    "change_message": ""
  }
},
{
  "model": "admin.logentry",
  "pk": 35,
  "fields": {
    "action_time": "2023-07-09T18:11:51.791Z",
    "user": 1,
    "content_type": 7,
    "object_id": "11",
    "object_repr": "hjhgddfgh",
    "action_flag": 3,
    "change_message": ""
  }
},
{
  "model": "admin.logentry",
  "pk": 36,
  "fields": {
    "action_time": "2023-07-09T18:11:51.901Z",
    "user": 1,
    "content_type": 7,
    "object_id": "12",
    "object_repr": "sadfasdaf",
    "action_flag": 3,
    "change_message": ""
  }
},
{
  "model": "admin.logentry",
  "pk": 37,
  "fields": {
    "action_time": "2023-07-09T18:12:03.515Z",
    "user": 1,
    "content_type": 7,
    "object_id": "13",
    "object_repr": "hello world",
    "action_flag": 3,
    "change_message": ""
  }
},
{
  "model": "admin.logentry",
  "pk": 38,
  "fields": {
    "action_time": "2023-07-09T18:12:03.755Z",
    "user": 1,
    "content_type": 7,
    "object_id": "14",
    "object_repr": "hello",
    "action_flag": 3,
    "change_message": ""
  }
},
{
  "model": "admin.logentry",
  "pk": 39,
  "fields": {
    "action_time": "2023-07-10T10:42:43.329Z",
    "user": 1,
    "content_type": 7,
    "object_id": "37",
    "object_repr": "Best Python IDEs",
    "action_flag": 2,
    "change_message": "[{\"changed\": {\"fields\": [\"Title\", \"Status\"]}}]"
  }
},
{
  "model": "admin.logentry",
  "pk": 40,
  "fields": {
    "action_time": "2023-07-10T10:43:05.748Z",
    "user": 1,
    "content_type": 7,
    "object_id": "27",
    "object_repr": "My Updated1",
    "action_flag": 2,
    "change_message": "[{\"changed\": {\"fields\": [\"Title\", \"Slug\", \"Status\"]}}]"
  }
},
{
  "model": "admin.logentry",
  "pk": 41,
  "fields": {
    "action_time": "2023-07-10T10:43:17.451Z",
    "user": 1,
    "content_type": 7,
    "object_id": "28",
    "object_repr": "A Second Post1",
    "action_flag": 2,
    "change_message": "[{\"changed\": {\"fields\": [\"Title\", \"Slug\", \"Status\"]}}]"
  }
},
{
  "model": "admin.logentry",
  "pk": 42,
  "fields": {
    "action_time": "2023-07-10T10:43:29.381Z",
    "user": 1,
    "content_type": 7,
    "object_id": "29",
    "object_repr": "Top 5 Programming Lanaguages1",
    "action_flag": 2,
    "change_message": "[{\"changed\": {\"fields\": [\"Title\", \"Slug\", \"Status\"]}}]"
  }
},
{
  "model": "admin.logentry",
  "pk": 43,
  "fields": {
    "action_time": "2023-07-10T10:43:44.176Z",
    "user": 1,
    "content_type": 7,
    "object_id": "36",
    "object_repr": "Sublime Text Tips and Tricks",
    "action_flag": 2,
    "change_message": "[{\"changed\": {\"fields\": [\"Title\", \"Status\"]}}]"
  }
},
{
  "model": "admin.logentry",
  "pk": 44,
  "fields": {
    "action_time": "2023-07-10T10:43:54.903Z",
    "user": 1,
    "content_type": 7,
    "object_id": "30",
    "object_repr": "My Updated",
    "action_flag": 3,
    "change_message": ""
  }
},
{
  "model": "admin.logentry",
  "pk": 45,
  "fields": {
    "action_time": "2023-07-10T10:43:54.983Z",
    "user": 1,
    "content_type": 7,
    "object_id": "31",
    "object_repr": "A Second Post",
    "action_flag": 3,
    "change_message": ""
  }
},
{
  "model": "admin.logentry",
  "pk": 46,
  "fields": {
    "action_time": "2023-07-10T10:43:55.083Z",
    "user": 1,
    "content_type": 7,
    "object_id": "32",
    "object_repr": "Top 5 Programming Lanaguages",
    "action_flag": 3,
    "change_message": ""
  }
},
{
  "model": "admin.logentry",
  "pk": 47,
  "fields": {
    "action_time": "2023-07-10T10:43:55.181Z",
    "user": 1,
    "content_type": 7,
    "object_id": "33",
    "object_repr": "My Updated",
    "action_flag": 3,
    "change_message": ""
  }
},
{
  "model": "admin.logentry",
  "pk": 48,
  "fields": {
    "action_time": "2023-07-10T10:43:55.281Z",
    "user": 1,
    "content_type": 7,
    "object_id": "34",
    "object_repr": "A Second Post",
    "action_flag": 3,
    "change_message": ""
  }
},
{
  "model": "admin.logentry",
  "pk": 49,
  "fields": {
    "action_time": "2023-07-10T10:43:55.368Z",
    "user": 1,
    "content_type": 7,
    "object_id": "35",
    "object_repr": "Top 5 Programming Lanaguages",
    "action_flag": 3,
    "change_message": ""
  }
},
{
  "model": "admin.logentry",
  "pk": 50,
  "fields": {
    "action_time": "2023-07-11T19:05:06.323Z",
    "user": 1,
    "content_type": 4,
    "object_id": "11",
    "object_repr": "testuser",
    "action_flag": 3,
    "change_message": ""
  }
},
{
  "model": "admin.logentry",
  "pk": 51,
  "fields": {
    "action_time": "2023-07-12T11:24:08.695Z",
    "user": 1,
    "content_type": 7,
    "object_id": "26",
    "object_repr": "good morning",
    "action_flag": 3,
    "change_message": ""
  }
},
{
  "model": "admin.logentry",
  "pk": 52,
  "fields": {
    "action_time": "2023-07-12T11:26:08.507Z",
    "user": 1,
    "content_type": 7,
    "object_id": "3",
    "object_repr": "New title updated",
    "action_flag": 2,
    "change_message": "[{\"changed\": {\"fields\": [\"Title\"]}}]"
  }
},
{
  "model": "admin.logentry",
  "pk": 53,
  "fields": {
    "action_time": "2023-07-12T14:20:06.406Z",
    "user": 1,
    "content_type": 7,
    "object_id": "30",
    "object_repr": "dsadsad",
    "action_flag": 1,
    "change_message": "[{\"added\": {}}]"
  }
},
{
  "model": "admin.logentry",
  "pk": 54,
  "fields": {
    "action_time": "2023-07-12T14:31:45.196Z",
    "user": 1,
    "content_type": 7,
    "object_id": "3",
    "object_repr": "New title updated",
    "action_flag": 2,
    "change_message": "[{\"changed\": {\"fields\": [\"Image\"]}}]"
  }
},
{
  "model": "admin.logentry",
  "pk": 55,
  "fields": {
    "action_time": "2023-07-13T17:59:16.070Z",
    "user": 1,
    "content_type": 7,
    "object_id": "30",
    "object_repr": "dsadsad",
    "action_flag": 2,
    "change_message": "[{\"changed\": {\"fields\": [\"Likes\", \"Liked by\"]}}]"
  }
},
{
  "model": "admin.logentry",
  "pk": 56,
  "fields": {
    "action_time": "2023-07-13T17:59:52.021Z",
    "user": 1,
    "content_type": 7,
    "object_id": "32",
    "object_repr": "Nature",
    "action_flag": 3,
    "change_message": ""
  }
},
{
  "model": "admin.logentry",
  "pk": 57,
  "fields": {
    "action_time": "2023-07-13T18:00:26.032Z",
    "user": 1,
    "content_type": 7,
    "object_id": "34",
    "object_repr": "Happy solstice!",
    "action_flag": 2,
    "change_message": "[{\"changed\": {\"fields\": [\"Likes\", \"Liked by\"]}}]"
  }
},
{
  "model": "admin.logentry",
  "pk": 58,
  "fields": {
    "action_time": "2023-07-13T18:02:02.129Z",
    "user": 1,
    "content_type": 7,
    "object_id": "34",
    "object_repr": "Happy solstice!",
    "action_flag": 2,
    "change_message": "[{\"changed\": {\"fields\": [\"Likes\", \"Liked by\"]}}]"
  }
},
{
  "model": "admin.logentry",
  "pk": 59,
  "fields": {
    "action_time": "2023-07-15T06:48:32.436Z",
    "user": 1,
    "content_type": 10,
    "object_id": "1",
    "object_repr": "imswaggyboy commented on India's Chandrayaan-3 launches to explore moon's water-rich south pole",
    "action_flag": 1,
    "change_message": "[{\"added\": {}}]"
  }
},
{
  "model": "admin.logentry",
  "pk": 60,
  "fields": {
    "action_time": "2023-07-15T07:32:57.503Z",
    "user": 1,
    "content_type": 10,
    "object_id": "2",
    "object_repr": "saikyouMao commented on India's Chandrayaan-3 launches to explore moon's water-rich south pole",
    "action_flag": 1,
    "change_message": "[{\"added\": {}}]"
  }
},
{
  "model": "admin.logentry",
  "pk": 61,
  "fields": {
    "action_time": "2023-07-15T07:33:15.146Z",
    "user": 1,
    "content_type": 10,
    "object_id": "3",
    "object_repr": "imswaggyboy commented on India's Chandrayaan-3 launches to explore moon's water-rich south pole",
    "action_flag": 1,
    "change_message": "[{\"added\": {}}]"
  }
},
{
  "model": "admin.logentry",
  "pk": 62,
  "fields": {
    "action_time": "2023-07-16T09:56:55.743Z",
    "user": 1,
    "content_type": 4,
    "object_id": "15",
    "object_repr": "swagger",
    "action_flag": 3,
    "change_message": ""
  }
},
{
  "model": "admin.logentry",
  "pk": 63,
  "fields": {
    "action_time": "2023-07-16T11:08:23.822Z",
    "user": 1,
    "content_type": 10,
    "object_id": "17",
    "object_repr": "testuser56 commented on Happy solstice!",
    "action_flag": 2,
    "change_message": "[{\"changed\": {\"fields\": [\"Active\"]}}]"
  }
},
{
  "model": "admin.logentry",
  "pk": 64,
  "fields": {
    "action_time": "2023-07-16T11:08:36.441Z",
    "user": 1,
    "content_type": 10,
    "object_id": "17",
    "object_repr": "testuser56 commented on Happy solstice!",
    "action_flag": 2,
    "change_message": "[{\"changed\": {\"fields\": [\"Active\"]}}]"
  }
},
{
  "model": "admin.logentry",
  "pk": 65,
  "fields": {
    "action_time": "2023-07-16T11:08:52.840Z",
    "user": 1,
    "content_type": 10,
    "object_id": "17",
    "object_repr": "prabhat27 commented on Happy solstice!",
    "action_flag": 2,
    "change_message": "[{\"changed\": {\"fields\": [\"Name\"]}}]"
  }
},
{
  "model": "admin.logentry",
  "pk": 66,
  "fields": {
    "action_time": "2023-07-16T11:09:04.023Z",
    "user": 1,
    "content_type": 10,
    "object_id": "17",
    "object_repr": "testuser56 commented on Happy solstice!",
    "action_flag": 2,
    "change_message": "[{\"changed\": {\"fields\": [\"Name\"]}}]"
  }
},
{
  "model": "admin.logentry",
  "pk": 67,
  "fields": {
    "action_time": "2023-07-16T11:18:56.131Z",
    "user": 1,
    "content_type": 10,
    "object_id": "18",
    "object_repr": "imswaggyboy commented on Happy solstice!",
    "action_flag": 3,
    "change_message": ""
  }
},
{
  "model": "admin.logentry",
  "pk": 68,
  "fields": {
    "action_time": "2023-07-16T13:49:22.662Z",
    "user": 1,
    "content_type": 10,
    "object_id": "1",
    "object_repr": "imswaggyboy commented on India's Chandrayaan-3 launches to explore moon's water-rich south pole",
    "action_flag": 2,
    "change_message": "[{\"changed\": {\"fields\": [\"Comment likes\"]}}]"
  }
},
{
  "model": "admin.logentry",
  "pk": 69,
  "fields": {
    "action_time": "2023-07-16T13:49:30.680Z",
    "user": 1,
    "content_type": 10,
    "object_id": "1",
    "object_repr": "imswaggyboy commented on India's Chandrayaan-3 launches to explore moon's water-rich south pole",
    "action_flag": 2,
    "change_message": "[{\"changed\": {\"fields\": [\"Comment likes\"]}}]"
  }
},
{
  "model": "admin.logentry",
  "pk": 70,
  "fields": {
    "action_time": "2023-07-16T13:49:38.206Z",
    "user": 1,
    "content_type": 10,
    "object_id": "1",
    "object_repr": "imswaggyboy commented on India's Chandrayaan-3 launches to explore moon's water-rich south pole",
    "action_flag": 2,
    "change_message": "[{\"changed\": {\"fields\": [\"Comment likes\"]}}]"
  }
},
{
  "model": "admin.logentry",
  "pk": 71,
  "fields": {
    "action_time": "2023-07-16T14:26:09.485Z",
    "user": 1,
    "content_type": 10,
    "object_id": "7",
    "object_repr": "imswaggyboy commented on India's Chandrayaan-3 launches to explore moon's water-rich south pole",
    "action_flag": 3,
    "change_message": ""
  }
},
{
  "model": "admin.logentry",
  "pk": 72,
  "fields": {
    "action_time": "2023-07-16T14:26:09.673Z",
    "user": 1,
    "content_type": 10,
    "object_id": "8",
    "object_repr": "imswaggyboy commented on India's Chandrayaan-3 launches to explore moon's water-rich south pole",
    "action_flag": 3,
    "change_message": ""
  }
},
{
  "model": "admin.logentry",
  "pk": 73,
  "fields": {
    "action_time": "2023-07-16T14:26:09.803Z",
    "user": 1,
    "content_type": 10,
    "object_id": "9",
    "object_repr": "imswaggyboy commented on India's Chandrayaan-3 launches to explore moon's water-rich south pole",
    "action_flag": 3,
    "change_message": ""
  }
},
{
  "model": "admin.logentry",
  "pk": 74,
  "fields": {
    "action_time": "2023-07-16T14:26:09.898Z",
    "user": 1,
    "content_type": 10,
    "object_id": "10",
    "object_repr": "testuser56 commented on India's Chandrayaan-3 launches to explore moon's water-rich south pole",
    "action_flag": 3,
    "change_message": ""
  }
},
{
  "model": "admin.logentry",
  "pk": 75,
  "fields": {
    "action_time": "2023-07-16T14:26:10.004Z",
    "user": 1,
    "content_type": 10,
    "object_id": "11",
    "object_repr": "testuser56 commented on India's Chandrayaan-3 launches to explore moon's water-rich south pole",
    "action_flag": 3,
    "change_message": ""
  }
},
{
  "model": "admin.logentry",
  "pk": 76,
  "fields": {
    "action_time": "2023-07-16T14:26:10.120Z",
    "user": 1,
    "content_type": 10,
    "object_id": "12",
    "object_repr": "testuser56 commented on India's Chandrayaan-3 launches to explore moon's water-rich south pole",
    "action_flag": 3,
    "change_message": ""
  }
},
{
  "model": "admin.logentry",
  "pk": 77,
  "fields": {
    "action_time": "2023-07-16T14:26:10.216Z",
    "user": 1,
    "content_type": 10,
    "object_id": "13",
    "object_repr": "testuser56 commented on India's Chandrayaan-3 launches to explore moon's water-rich south pole",
    "action_flag": 3,
    "change_message": ""
  }
},
{
  "model": "admin.logentry",
  "pk": 78,
  "fields": {
    "action_time": "2023-07-16T14:26:10.345Z",
    "user": 1,
    "content_type": 10,
    "object_id": "14",
    "object_repr": "testuser56 commented on India's Chandrayaan-3 launches to explore moon's water-rich south pole",
    "action_flag": 3,
    "change_message": ""
  }
},
{
  "model": "admin.logentry",
  "pk": 79,
  "fields": {
    "action_time": "2023-07-16T14:26:10.462Z",
    "user": 1,
    "content_type": 10,
    "object_id": "15",
    "object_repr": "testuser56 commented on India's Chandrayaan-3 launches to explore moon's water-rich south pole",
    "action_flag": 3,
    "change_message": ""
  }
},
{
  "model": "admin.logentry",
  "pk": 80,
  "fields": {
    "action_time": "2023-07-16T14:26:10.590Z",
    "user": 1,
    "content_type": 10,
    "object_id": "16",
    "object_repr": "testuser56 commented on India's Chandrayaan-3 launches to explore moon's water-rich south pole",
    "action_flag": 3,
    "change_message": ""
  }
},
{
  "model": "admin.logentry",
  "pk": 81,
  "fields": {
    "action_time": "2023-07-16T14:26:30.259Z",
    "user": 1,
    "content_type": 10,
    "object_id": "4",
    "object_repr": "imswaggyboy commented on India's Chandrayaan-3 launches to explore moon's water-rich south pole",
    "action_flag": 3,
    "change_message": ""
  }
},
{
  "model": "admin.logentry",
  "pk": 82,
  "fields": {
    "action_time": "2023-07-16T14:26:30.427Z",
    "user": 1,
    "content_type": 10,
    "object_id": "5",
    "object_repr": "imswaggyboy commented on India's Chandrayaan-3 launches to explore moon's water-rich south pole",
    "action_flag": 3,
    "change_message": ""
  }
},
{
  "model": "admin.logentry",
  "pk": 83,
  "fields": {
    "action_time": "2023-07-16T14:26:30.533Z",
    "user": 1,
    "content_type": 10,
    "object_id": "6",
    "object_repr": "imswaggyboy commented on India's Chandrayaan-3 launches to explore moon's water-rich south pole",
    "action_flag": 3,
    "change_message": ""
  }
},
{
  "model": "admin.logentry",
  "pk": 84,
  "fields": {
    "action_time": "2023-07-16T15:21:06.537Z",
    "user": 1,
    "content_type": 4,
    "object_id": "19",
    "object_repr": "testinguser",
    "action_flag": 2,
    "change_message": "[{\"changed\": {\"fields\": [\"Email address\"]}}]"
  }
},
{
  "model": "admin.logentry",
  "pk": 85,
  "fields": {
    "action_time": "2023-07-16T15:23:22.666Z",
    "user": 1,
    "content_type": 4,
    "object_id": "18",
    "object_repr": "parmu",
    "action_flag": 2,
    "change_message": "[]"
  }
},
{
  "model": "admin.logentry",
  "pk": 86,
  "fields": {
    "action_time": "2023-07-16T18:17:05.558Z",
    "user": 1,
    "content_type": 7,
    "object_id": "35",
    "object_repr": "India's Chandrayaan-3 launches to explore moon's water-rich south pole",
    "action_flag": 2,
    "change_message": "[{\"changed\": {\"fields\": [\"Tags\"]}}]"
  }
},


{
  "model": "contenttypes.contenttype",
  "pk": 1,
  "fields": {
    "app_label": "admin",
    "model": "logentry"
  }
},
{
  "model": "contenttypes.contenttype",
  "pk": 2,
  "fields": {
    "app_label": "auth",
    "model": "permission"
  }
},
{
  "model": "contenttypes.contenttype",
  "pk": 3,
  "fields": {
    "app_label": "auth",
    "model": "group"
  }
},
{
  "model": "contenttypes.contenttype",
  "pk": 4,
  "fields": {
    "app_label": "auth",
    "model": "user"
  }
},
{
  "model": "contenttypes.contenttype",
  "pk": 5,
  "fields": {
    "app_label": "contenttypes",
    "model": "contenttype"
  }
},
{
  "model": "contenttypes.contenttype",
  "pk": 6,
  "fields": {
    "app_label": "sessions",
    "model": "session"
  }
},
{
  "model": "contenttypes.contenttype",
  "pk": 7,
  "fields": {
    "app_label": "blog",
    "model": "post"
  }
},
{
  "model": "contenttypes.contenttype",
  "pk": 8,
  "fields": {
    "app_label": "blog",
    "model": "publishedmanager"
  }
},
{
  "model": "contenttypes.contenttype",
  "pk": 9,
  "fields": {
    "app_label": "user",
    "model": "profile"
  }
},
{
  "model": "contenttypes.contenttype",
  "pk": 10,
  "fields": {
    "app_label": "blog",
    "model": "postcomments"
  }
},
{
  "model": "contenttypes.contenttype",
  "pk": 11,
  "fields": {
    "app_label": "taggit",
    "model": "tag"
  }
},
{
  "model": "contenttypes.contenttype",
  "pk": 12,
  "fields": {
    "app_label": "taggit",
    "model": "taggeditem"
  }
},
{
  "model": "sessions.session",
  "pk": "09nsm3gio2x2ah4e1sp4idzrq8zt3tv4",
  "fields": {
    "session_data": ".eJxVjMEOwiAQRP-FsyFbKND16L3fQBYWpGpoUtqT8d9tkx70Npn3Zt7C07YWv7W0-InFVXTi8tsFis9UD8APqvdZxrmuyxTkociTNjnOnF630_07KNTKvk7QZZVZAxhL1nEmiybuERRapxlRp9DnCIPJyAqwdwikiQaDzjKLzxfZAjeI:1qINhW:UFyRi1OGQ58RoU9uAd1G7WhPAB4TqPNwrt6pm4YidIk",
    "expire_date": "2023-07-23T06:15:18.789Z"
  }
},
{
  "model": "sessions.session",
  "pk": "0gegcq4eyftqw98vdga62mkz40ti2gh5",
  "fields": {
    "session_data": ".eJxVjEEOwiAQRe_C2hCmQ6G4dO8ZCMOAVA0kpV0Z765NutDtf-_9l_BhW4vfelr8zOIsAMXpd6QQH6nuhO-h3pqMra7LTHJX5EG7vDZOz8vh_h2U0Mu3jhmTnZgTa5UnCqxGci6ChYFQa60QOZisDUA2mQiIomWnsh0gIo_i_QEpVDi2:1qICv8:beEhw_crziB0WdNDuhvV76a_Ubti7FH_EGwRDI8Dgtk",
    "expire_date": "2023-07-22T18:44:38.308Z"
  }
},
{
  "model": "sessions.session",
  "pk": "4g69blahxupxnbxxdy0yiiilz4i6on7z",
  "fields": {
    "session_data": ".eJxVjEEOwiAQRe_C2hCmQ6G4dO8ZCMOAVA0kpV0Z765NutDtf-_9l_BhW4vfelr8zOIsAMXpd6QQH6nuhO-h3pqMra7LTHJX5EG7vDZOz8vh_h2U0Mu3jhmTnZgTa5UnCqxGci6ChYFQa60QOZisDUA2mQiIomWnsh0gIo_i_QEpVDi2:1qK3mz:vBx56YYv_rgvzrbGjZvGEaHukIGuXnMxhhLfETcLrkk",
    "expire_date": "2023-07-27T21:23:53.160Z"
  }
},
{
  "model": "sessions.session",
  "pk": "6cbeqyb7qag36gb3bbwlottywedfskst",
  "fields": {
    "session_data": ".eJxVjDsOwjAQBe_iGln-4Q8lfc5grb1rHEC2FCcV4u4QKQW0b2bei0XY1hq3QUuckV2YZKffLUF-UNsB3qHdOs-9rcuc-K7wgw4-daTn9XD_DiqM-q2NSI5CAClcLtppj6hK0BqQAuGZpHRGGK8cGm8lqqQcWFtyFmSFsoq9P9vEN3U:1qJamF:OebvC-V323J6bkb6mXAL2OUi8_65C3_kp46lvTuthgc",
    "expire_date": "2023-07-26T14:25:11.090Z"
  }
},
{
  "model": "sessions.session",
  "pk": "85zi010ceom8e9muamyqwwksm31c5quv",
  "fields": {
    "session_data": ".eJxVjMEOwiAQRP-FsyFbKND16L3fQBYWpGpoUtqT8d9tkx70Npn3Zt7C07YWv7W0-InFVXTi8tsFis9UD8APqvdZxrmuyxTkociTNjnOnF630_07KNTKvk7QZZVZAxhL1nEmiybuERRapxlRp9DnCIPJyAqwdwikiQaDzjKLzxfZAjeI:1qFhqR:tjEMfLA5AO0H_AThbR6sS7XgA-fiuvhOD3Qm0gP-m2E",
    "expire_date": "2023-07-15T21:09:27.306Z"
  }
},
{
  "model": "sessions.session",
  "pk": "b0cc4s4eory83kiz0xa0nnpyxr0g8rf1",
  "fields": {
    "session_data": ".eJxVjMEOwiAQRP-FsyFbKND16L3fQBYWpGpoUtqT8d9tkx70Npn3Zt7C07YWv7W0-InFVXTi8tsFis9UD8APqvdZxrmuyxTkociTNjnOnF630_07KNTKvk7QZZVZAxhL1nEmiybuERRapxlRp9DnCIPJyAqwdwikiQaDzjKLzxfZAjeI:1qIce2:g_-OJSQarmxV4X0JttnAjmvou6yAyElrs7d7ALNbh-c",
    "expire_date": "2023-07-23T22:12:42.816Z"
  }
},
{
  "model": "sessions.session",
  "pk": "ep9zjiynzqo3cwfylkoh26kcmf4f00lv",
  "fields": {
    "session_data": ".eJxVjDsOwjAQBe_iGln-4Q8lfc5grb1rHEC2FCcV4u4QKQW0b2bei0XY1hq3QUuckV2YZKffLUF-UNsB3qHdOs-9rcuc-K7wgw4-daTn9XD_DiqM-q2NSI5CAClcLtppj6hK0BqQAuGZpHRGGK8cGm8lqqQcWFtyFmSFsoq9P9vEN3U:1qKMw2:nHKfnAPV9uN14LaDhi2crcZO_qzz2mxcCXKdxkOPvts",
    "expire_date": "2023-07-28T17:50:30.119Z"
  }
},
{
  "model": "sessions.session",
  "pk": "eypr7aaxlvfqaycunf9aae4dsylgnfx7",
  "fields": {
    "session_data": ".eJxVjDsOwjAQBe_iGln-4Q8lfc5grb1rHEC2FCcV4u4QKQW0b2bei0XY1hq3QUuckV2YZKffLUF-UNsB3qHdOs-9rcuc-K7wgw4-daTn9XD_DiqM-q2NSI5CAClcLtppj6hK0BqQAuGZpHRGGK8cGm8lqqQcWFtyFmSFsoq9P9vEN3U:1qKWkO:hiOaq9L2uLU1mmd6zGzEEhQkpECKs2ol4WzjzCVWTLc",
    "expire_date": "2023-07-29T04:19:08.130Z"
  }
},
{
  "model": "sessions.session",
  "pk": "hpb4vv0ipy75qaznor7e4nqro4kochrl",
  "fields": {
    "session_data": ".eJxVjDsOwjAQBe_iGln-4Q8lfc5grb1rHEC2FCcV4u4QKQW0b2bei0XY1hq3QUuckV2YZKffLUF-UNsB3qHdOs-9rcuc-K7wgw4-daTn9XD_DiqM-q2NSI5CAClcLtppj6hK0BqQAuGZpHRGGK8cGm8lqqQcWFtyFmSFsoq9P9vEN3U:1qJXwN:8rBAs1hWtQCdoM9aPRZjl81TR9WzqQIxA2tnuAhZrEI",
    "expire_date": "2023-07-26T11:23:27.362Z"
  }
},
{
  "model": "sessions.session",
  "pk": "iprojhk8hxrfq27zfu1xnyr1lnrwvcyg",
  "fields": {
    "session_data": "e30:1qJIf3:dNzux-2TzfWgOMrO7MDZeVCo_svv7e13hAeuXa-UvZo",
    "expire_date": "2023-07-25T19:04:33.329Z"
  }
},
{
  "model": "sessions.session",
  "pk": "iz8nsiheej51w0o0bbpftza3w6p80cg1",
  "fields": {
    "session_data": ".eJxVjMEOwiAQRP-FsyFbKND16L3fQBYWpGpoUtqT8d9tkx70Npn3Zt7C07YWv7W0-InFVXTi8tsFis9UD8APqvdZxrmuyxTkociTNjnOnF630_07KNTKvk7QZZVZAxhL1nEmiybuERRapxlRp9DnCIPJyAqwdwikiQaDzjKLzxfZAjeI:1qIVdN:bk_RVjQfray76wnQAjfldgHLfgSTeCeUDcSzWsk_F9c",
    "expire_date": "2023-07-23T14:43:33.497Z"
  }
},
{
  "model": "sessions.session",
  "pk": "j998tgr30ig1dojqb3qmdxaqqndlkw2w",
  "fields": {
    "session_data": ".eJxVjDsOwjAQBe_iGln-4Q8lfc5grb1rHEC2FCcV4u4QKQW0b2bei0XY1hq3QUuckV2YZKffLUF-UNsB3qHdOs-9rcuc-K7wgw4-daTn9XD_DiqM-q2NSI5CAClcLtppj6hK0BqQAuGZpHRGGK8cGm8lqqQcWFtyFmSFsoq9P9vEN3U:1qKH1F:pernkaxKm_jLzB7irryy1ORYg9IjQ3xvChn24y60JM4",
    "expire_date": "2023-07-28T11:31:29.367Z"
  }
},
{
  "model": "sessions.session",
  "pk": "juzhlf3xgtaupjyoj4iulcfyrgl2khiw",
  "fields": {
    "session_data": ".eJxVjMsOgjAUBf-la9PQwqXo0j3f0NynoAYSCivjvysJC92emTkvl3Fbh7wVXfIo7uKCO_1uhPzQaQdyx-k2e56ndRnJ74o_aPH9LPq8Hu7fwYBl-NZAyawOABWRRAhqqbNUa6uqDQCCddaEVBtCbDWKCCE0yszR-EyVe38A_005Jw:1qL27a:22qOfjCwtlrmLhtC4tOH2-LgpqQQdX9EDEyjmlAcua4",
    "expire_date": "2023-07-30T13:49:10.551Z"
  }
},
{
  "model": "sessions.session",
  "pk": "ljvqnvc22fq0ekc8w31c4f08enhhunmi",
  "fields": {
    "session_data": ".eJxVjEEOwiAQRe_C2hCmQ6G4dO8ZCMOAVA0kpV0Z765NutDtf-_9l_BhW4vfelr8zOIsAMXpd6QQH6nuhO-h3pqMra7LTHJX5EG7vDZOz8vh_h2U0Mu3jhmTnZgTa5UnCqxGci6ChYFQa60QOZisDUA2mQiIomWnsh0gIo_i_QEpVDi2:1qJMDP:TcR4vib-7-PYg9mmNsoPSpoMxPM1xv0LBfS2iLSkTF8",
    "expire_date": "2023-07-25T22:52:15.058Z"
  }
},
{
  "model": "sessions.session",
  "pk": "n63olo3guejwrmrr9hte6z3mnc8nfs9v",
  "fields": {
    "session_data": ".eJxVjEEOwiAQRe_C2hCmQ6G4dO8ZCMOAVA0kpV0Z765NutDtf-_9l_BhW4vfelr8zOIsAMXpd6QQH6nuhO-h3pqMra7LTHJX5EG7vDZOz8vh_h2U0Mu3jhmTnZgTa5UnCqxGci6ChYFQa60QOZisDUA2mQiIomWnsh0gIo_i_QEpVDi2:1qIRqC:LexOrycBVIQQIgLsh23Lk4pARoxo2i5JBelLoyBbe3o",
    "expire_date": "2023-07-23T10:40:32.954Z"
  }
},
{
  "model": "sessions.session",
  "pk": "ngxt1v5as7s1lehqev77gwysi3ia5nkg",
  "fields": {
    "session_data": ".eJxVjMEOwiAQRP-FsyFbKND16L3fQBYWpGpoUtqT8d9tkx70Npn3Zt7C07YWv7W0-InFVXTi8tsFis9UD8APqvdZxrmuyxTkociTNjnOnF630_07KNTKvk7QZZVZAxhL1nEmiybuERRapxlRp9DnCIPJyAqwdwikiQaDzjKLzxfZAjeI:1qInSm:iWKGyPnaFbk7wcft9A_GN9bM39AFScGULX3-alMTrRQ",
    "expire_date": "2023-07-24T09:45:48.762Z"
  }
},
{
  "model": "sessions.session",
  "pk": "oy65ajrt484s2nyz77l2uggnixr3gz49",
  "fields": {
    "session_data": ".eJxVjDsOwjAQBe_iGln-4Q8lfc5grb1rHEC2FCcV4u4QKQW0b2bei0XY1hq3QUuckV2YZKffLUF-UNsB3qHdOs-9rcuc-K7wgw4-daTn9XD_DiqM-q2NSI5CAClcLtppj6hK0BqQAuGZpHRGGK8cGm8lqqQcWFtyFmSFsoq9P9vEN3U:1qJzTX:gWVYkdhASt5cNPbxaf4GkxAqMce9X-55--8YRJdMJQA",
    "expire_date": "2023-07-27T16:47:31.215Z"
  }
},
{
  "model": "sessions.session",
  "pk": "stadekapn6kye5w70tsyugsw2h1lyrzr",
  "fields": {
    "session_data": ".eJxVjMEOwiAQRP-FsyFbKND16L3fQBYWpGpoUtqT8d9tkx70Npn3Zt7C07YWv7W0-InFVXTi8tsFis9UD8APqvdZxrmuyxTkociTNjnOnF630_07KNTKvk7QZZVZAxhL1nEmiybuERRapxlRp9DnCIPJyAqwdwikiQaDzjKLzxfZAjeI:1qG1Ed:UAzIRIPuxQTDfgiNZdzv7JsJKwS5tvdrHIGodDJvODQ",
    "expire_date": "2023-07-16T17:51:43.688Z"
  }
}
]
